filename,fold,target,category,esc10,src_file,take,file_path
1-115545-A-48.wav,1,48,fireworks,False,115545,A,dataset\ESC-50-master\audio\fireworks\1-115545-A-48.wav
1-115545-B-48.wav,1,48,fireworks,False,115545,B,dataset\ESC-50-master\audio\fireworks\1-115545-B-48.wav
1-115545-C-48.wav,1,48,fireworks,False,115545,C,dataset\ESC-50-master\audio\fireworks\1-115545-C-48.wav
1-115546-A-48.wav,1,48,fireworks,False,115546,A,dataset\ESC-50-master\audio\fireworks\1-115546-A-48.wav
1-116765-A-41.wav,1,41,chainsaw,True,116765,A,dataset\ESC-50-master\audio\chainsaw\1-116765-A-41.wav
1-11687-A-47.wav,1,47,airplane,False,11687,A,dataset\ESC-50-master\audio\airplane\1-11687-A-47.wav
1-119125-A-45.wav,1,45,train,False,119125,A,dataset\ESC-50-master\audio\train\1-119125-A-45.wav
1-13571-A-46.wav,1,46,church_bells,False,13571,A,dataset\ESC-50-master\audio\church_bells\1-13571-A-46.wav
1-13572-A-46.wav,1,46,church_bells,False,13572,A,dataset\ESC-50-master\audio\church_bells\1-13572-A-46.wav
1-160563-A-48.wav,1,48,fireworks,False,160563,A,dataset\ESC-50-master\audio\fireworks\1-160563-A-48.wav
1-160563-B-48.wav,1,48,fireworks,False,160563,B,dataset\ESC-50-master\audio\fireworks\1-160563-B-48.wav
1-17124-A-43.wav,1,43,car_horn,False,17124,A,dataset\ESC-50-master\audio\car_horn\1-17124-A-43.wav
1-172649-A-40.wav,1,40,helicopter,True,172649,A,dataset\ESC-50-master\audio\helicopter\1-172649-A-40.wav
1-172649-B-40.wav,1,40,helicopter,True,172649,B,dataset\ESC-50-master\audio\helicopter\1-172649-B-40.wav
1-172649-C-40.wav,1,40,helicopter,True,172649,C,dataset\ESC-50-master\audio\helicopter\1-172649-C-40.wav
1-172649-D-40.wav,1,40,helicopter,True,172649,D,dataset\ESC-50-master\audio\helicopter\1-172649-D-40.wav
1-172649-E-40.wav,1,40,helicopter,True,172649,E,dataset\ESC-50-master\audio\helicopter\1-172649-E-40.wav
1-172649-F-40.wav,1,40,helicopter,True,172649,F,dataset\ESC-50-master\audio\helicopter\1-172649-F-40.wav
1-181071-A-40.wav,1,40,helicopter,True,181071,A,dataset\ESC-50-master\audio\helicopter\1-181071-A-40.wav
1-181071-B-40.wav,1,40,helicopter,True,181071,B,dataset\ESC-50-master\audio\helicopter\1-181071-B-40.wav
1-18527-A-44.wav,1,44,engine,False,18527,A,dataset\ESC-50-master\audio\engine\1-18527-A-44.wav
1-18527-B-44.wav,1,44,engine,False,18527,B,dataset\ESC-50-master\audio\engine\1-18527-B-44.wav
1-18810-A-49.wav,1,49,hand_saw,False,18810,A,dataset\ESC-50-master\audio\hand_saw\1-18810-A-49.wav
1-19026-A-43.wav,1,43,car_horn,False,19026,A,dataset\ESC-50-master\audio\car_horn\1-19026-A-43.wav
1-19898-A-41.wav,1,41,chainsaw,True,19898,A,dataset\ESC-50-master\audio\chainsaw\1-19898-A-41.wav
1-19898-B-41.wav,1,41,chainsaw,True,19898,B,dataset\ESC-50-master\audio\chainsaw\1-19898-B-41.wav
1-19898-C-41.wav,1,41,chainsaw,True,19898,C,dataset\ESC-50-master\audio\chainsaw\1-19898-C-41.wav
1-21421-A-46.wav,1,46,church_bells,False,21421,A,dataset\ESC-50-master\audio\church_bells\1-21421-A-46.wav
1-22804-A-46.wav,1,46,church_bells,False,22804,A,dataset\ESC-50-master\audio\church_bells\1-22804-A-46.wav
1-22882-A-44.wav,1,44,engine,False,22882,A,dataset\ESC-50-master\audio\engine\1-22882-A-44.wav
1-23706-A-49.wav,1,49,hand_saw,False,23706,A,dataset\ESC-50-master\audio\hand_saw\1-23706-A-49.wav
1-24074-A-43.wav,1,43,car_horn,False,24074,A,dataset\ESC-50-master\audio\car_horn\1-24074-A-43.wav
1-24076-A-43.wav,1,43,car_horn,False,24076,A,dataset\ESC-50-master\audio\car_horn\1-24076-A-43.wav
1-24796-A-47.wav,1,47,airplane,False,24796,A,dataset\ESC-50-master\audio\airplane\1-24796-A-47.wav
1-254507-A-43.wav,1,43,car_horn,False,254507,A,dataset\ESC-50-master\audio\car_horn\1-254507-A-43.wav
1-25777-A-48.wav,1,48,fireworks,False,25777,A,dataset\ESC-50-master\audio\fireworks\1-25777-A-48.wav
1-25781-A-48.wav,1,48,fireworks,False,25781,A,dataset\ESC-50-master\audio\fireworks\1-25781-A-48.wav
1-26176-A-43.wav,1,43,car_horn,False,26176,A,dataset\ESC-50-master\audio\car_horn\1-26176-A-43.wav
1-26177-A-43.wav,1,43,car_horn,False,26177,A,dataset\ESC-50-master\audio\car_horn\1-26177-A-43.wav
1-28808-A-43.wav,1,43,car_horn,False,28808,A,dataset\ESC-50-master\audio\car_horn\1-28808-A-43.wav
1-31482-A-42.wav,1,42,siren,False,31482,A,dataset\ESC-50-master\audio\siren\1-31482-A-42.wav
1-31482-B-42.wav,1,42,siren,False,31482,B,dataset\ESC-50-master\audio\siren\1-31482-B-42.wav
1-36929-A-47.wav,1,47,airplane,False,36929,A,dataset\ESC-50-master\audio\airplane\1-36929-A-47.wav
1-40154-A-46.wav,1,46,church_bells,False,40154,A,dataset\ESC-50-master\audio\church_bells\1-40154-A-46.wav
1-43807-A-47.wav,1,47,airplane,False,43807,A,dataset\ESC-50-master\audio\airplane\1-43807-A-47.wav
1-43807-B-47.wav,1,47,airplane,False,43807,B,dataset\ESC-50-master\audio\airplane\1-43807-B-47.wav
1-43807-C-47.wav,1,47,airplane,False,43807,C,dataset\ESC-50-master\audio\airplane\1-43807-C-47.wav
1-43807-D-47.wav,1,47,airplane,False,43807,D,dataset\ESC-50-master\audio\airplane\1-43807-D-47.wav
1-46353-A-49.wav,1,49,hand_saw,False,46353,A,dataset\ESC-50-master\audio\hand_saw\1-46353-A-49.wav
1-47250-A-41.wav,1,41,chainsaw,True,47250,A,dataset\ESC-50-master\audio\chainsaw\1-47250-A-41.wav
1-47250-B-41.wav,1,41,chainsaw,True,47250,B,dataset\ESC-50-master\audio\chainsaw\1-47250-B-41.wav
1-48298-A-46.wav,1,46,church_bells,False,48298,A,dataset\ESC-50-master\audio\church_bells\1-48298-A-46.wav
1-50454-A-44.wav,1,44,engine,False,50454,A,dataset\ESC-50-master\audio\engine\1-50454-A-44.wav
1-50455-A-44.wav,1,44,engine,False,50455,A,dataset\ESC-50-master\audio\engine\1-50455-A-44.wav
1-50661-A-44.wav,1,44,engine,False,50661,A,dataset\ESC-50-master\audio\engine\1-50661-A-44.wav
1-53467-A-47.wav,1,47,airplane,False,53467,A,dataset\ESC-50-master\audio\airplane\1-53467-A-47.wav
1-54065-A-45.wav,1,45,train,False,54065,A,dataset\ESC-50-master\audio\train\1-54065-A-45.wav
1-54065-B-45.wav,1,45,train,False,54065,B,dataset\ESC-50-master\audio\train\1-54065-B-45.wav
1-54084-A-42.wav,1,42,siren,False,54084,A,dataset\ESC-50-master\audio\siren\1-54084-A-42.wav
1-54747-A-46.wav,1,46,church_bells,False,54747,A,dataset\ESC-50-master\audio\church_bells\1-54747-A-46.wav
1-56907-A-46.wav,1,46,church_bells,False,56907,A,dataset\ESC-50-master\audio\church_bells\1-56907-A-46.wav
1-61261-A-44.wav,1,44,engine,False,61261,A,dataset\ESC-50-master\audio\engine\1-61261-A-44.wav
1-62509-A-45.wav,1,45,train,False,62509,A,dataset\ESC-50-master\audio\train\1-62509-A-45.wav
1-62565-A-44.wav,1,44,engine,False,62565,A,dataset\ESC-50-master\audio\engine\1-62565-A-44.wav
1-64398-A-41.wav,1,41,chainsaw,True,64398,A,dataset\ESC-50-master\audio\chainsaw\1-64398-A-41.wav
1-64398-B-41.wav,1,41,chainsaw,True,64398,B,dataset\ESC-50-master\audio\chainsaw\1-64398-B-41.wav
1-64473-A-45.wav,1,45,train,False,64473,A,dataset\ESC-50-master\audio\train\1-64473-A-45.wav
1-70300-A-45.wav,1,45,train,False,70300,A,dataset\ESC-50-master\audio\train\1-70300-A-45.wav
1-76831-A-42.wav,1,42,siren,False,76831,A,dataset\ESC-50-master\audio\siren\1-76831-A-42.wav
1-76831-B-42.wav,1,42,siren,False,76831,B,dataset\ESC-50-master\audio\siren\1-76831-B-42.wav
1-76831-C-42.wav,1,42,siren,False,76831,C,dataset\ESC-50-master\audio\siren\1-76831-C-42.wav
1-76831-D-42.wav,1,42,siren,False,76831,D,dataset\ESC-50-master\audio\siren\1-76831-D-42.wav
1-76831-E-42.wav,1,42,siren,False,76831,E,dataset\ESC-50-master\audio\siren\1-76831-E-42.wav
1-7974-A-49.wav,1,49,hand_saw,False,7974,A,dataset\ESC-50-master\audio\hand_saw\1-7974-A-49.wav
1-7974-B-49.wav,1,49,hand_saw,False,7974,B,dataset\ESC-50-master\audio\hand_saw\1-7974-B-49.wav
1-88409-A-45.wav,1,45,train,False,88409,A,dataset\ESC-50-master\audio\train\1-88409-A-45.wav
1-88409-B-45.wav,1,45,train,False,88409,B,dataset\ESC-50-master\audio\train\1-88409-B-45.wav
1-9886-A-49.wav,1,49,hand_saw,False,9886,A,dataset\ESC-50-master\audio\hand_saw\1-9886-A-49.wav
1-9887-A-49.wav,1,49,hand_saw,False,9887,A,dataset\ESC-50-master\audio\hand_saw\1-9887-A-49.wav
1-9887-B-49.wav,1,49,hand_saw,False,9887,B,dataset\ESC-50-master\audio\hand_saw\1-9887-B-49.wav
2-100648-A-43.wav,2,43,car_horn,False,100648,A,dataset\ESC-50-master\audio\car_horn\2-100648-A-43.wav
2-105270-A-47.wav,2,47,airplane,False,105270,A,dataset\ESC-50-master\audio\airplane\2-105270-A-47.wav
2-106014-A-44.wav,2,44,engine,False,106014,A,dataset\ESC-50-master\audio\engine\2-106014-A-44.wav
2-106015-A-44.wav,2,44,engine,False,106015,A,dataset\ESC-50-master\audio\engine\2-106015-A-44.wav
2-106015-B-44.wav,2,44,engine,False,106015,B,dataset\ESC-50-master\audio\engine\2-106015-B-44.wav
2-106486-A-44.wav,2,44,engine,False,106486,A,dataset\ESC-50-master\audio\engine\2-106486-A-44.wav
2-106487-A-44.wav,2,44,engine,False,106487,A,dataset\ESC-50-master\audio\engine\2-106487-A-44.wav
2-106849-A-47.wav,2,47,airplane,False,106849,A,dataset\ESC-50-master\audio\airplane\2-106849-A-47.wav
2-107228-A-44.wav,2,44,engine,False,107228,A,dataset\ESC-50-master\audio\engine\2-107228-A-44.wav
2-107228-B-44.wav,2,44,engine,False,107228,B,dataset\ESC-50-master\audio\engine\2-107228-B-44.wav
2-117615-A-48.wav,2,48,fireworks,False,117615,A,dataset\ESC-50-master\audio\fireworks\2-117615-A-48.wav
2-117615-B-48.wav,2,48,fireworks,False,117615,B,dataset\ESC-50-master\audio\fireworks\2-117615-B-48.wav
2-117615-C-48.wav,2,48,fireworks,False,117615,C,dataset\ESC-50-master\audio\fireworks\2-117615-C-48.wav
2-117615-D-48.wav,2,48,fireworks,False,117615,D,dataset\ESC-50-master\audio\fireworks\2-117615-D-48.wav
2-117615-E-48.wav,2,48,fireworks,False,117615,E,dataset\ESC-50-master\audio\fireworks\2-117615-E-48.wav
2-117616-A-48.wav,2,48,fireworks,False,117616,A,dataset\ESC-50-master\audio\fireworks\2-117616-A-48.wav
2-117617-A-48.wav,2,48,fireworks,False,117617,A,dataset\ESC-50-master\audio\fireworks\2-117617-A-48.wav
2-122066-A-45.wav,2,45,train,False,122066,A,dataset\ESC-50-master\audio\train\2-122066-A-45.wav
2-122066-B-45.wav,2,45,train,False,122066,B,dataset\ESC-50-master\audio\train\2-122066-B-45.wav
2-122067-A-45.wav,2,45,train,False,122067,A,dataset\ESC-50-master\audio\train\2-122067-A-45.wav
2-122067-B-45.wav,2,45,train,False,122067,B,dataset\ESC-50-master\audio\train\2-122067-B-45.wav
2-125520-A-43.wav,2,43,car_horn,False,125520,A,dataset\ESC-50-master\audio\car_horn\2-125520-A-43.wav
2-128465-A-43.wav,2,43,car_horn,False,128465,A,dataset\ESC-50-master\audio\car_horn\2-128465-A-43.wav
2-128465-B-43.wav,2,43,car_horn,False,128465,B,dataset\ESC-50-master\audio\car_horn\2-128465-B-43.wav
2-135649-A-45.wav,2,45,train,False,135649,A,dataset\ESC-50-master\audio\train\2-135649-A-45.wav
2-135649-B-45.wav,2,45,train,False,135649,B,dataset\ESC-50-master\audio\train\2-135649-B-45.wav
2-135649-C-45.wav,2,45,train,False,135649,C,dataset\ESC-50-master\audio\train\2-135649-C-45.wav
2-135860-A-49.wav,2,49,hand_saw,False,135860,A,dataset\ESC-50-master\audio\hand_saw\2-135860-A-49.wav
2-138465-A-43.wav,2,43,car_horn,False,138465,A,dataset\ESC-50-master\audio\car_horn\2-138465-A-43.wav
2-144137-A-43.wav,2,43,car_horn,False,144137,A,dataset\ESC-50-master\audio\car_horn\2-144137-A-43.wav
2-160888-A-47.wav,2,47,airplane,False,160888,A,dataset\ESC-50-master\audio\airplane\2-160888-A-47.wav
2-165801-A-48.wav,2,48,fireworks,False,165801,A,dataset\ESC-50-master\audio\fireworks\2-165801-A-48.wav
2-184077-A-49.wav,2,49,hand_saw,False,184077,A,dataset\ESC-50-master\audio\hand_saw\2-184077-A-49.wav
2-188822-A-40.wav,2,40,helicopter,True,188822,A,dataset\ESC-50-master\audio\helicopter\2-188822-A-40.wav
2-188822-B-40.wav,2,40,helicopter,True,188822,B,dataset\ESC-50-master\audio\helicopter\2-188822-B-40.wav
2-188822-C-40.wav,2,40,helicopter,True,188822,C,dataset\ESC-50-master\audio\helicopter\2-188822-C-40.wav
2-188822-D-40.wav,2,40,helicopter,True,188822,D,dataset\ESC-50-master\audio\helicopter\2-188822-D-40.wav
2-262579-A-45.wav,2,45,train,False,262579,A,dataset\ESC-50-master\audio\train\2-262579-A-45.wav
2-37806-A-40.wav,2,40,helicopter,True,37806,A,dataset\ESC-50-master\audio\helicopter\2-37806-A-40.wav
2-37806-B-40.wav,2,40,helicopter,True,37806,B,dataset\ESC-50-master\audio\helicopter\2-37806-B-40.wav
2-37806-C-40.wav,2,40,helicopter,True,37806,C,dataset\ESC-50-master\audio\helicopter\2-37806-C-40.wav
2-37806-D-40.wav,2,40,helicopter,True,37806,D,dataset\ESC-50-master\audio\helicopter\2-37806-D-40.wav
2-42101-A-43.wav,2,43,car_horn,False,42101,A,dataset\ESC-50-master\audio\car_horn\2-42101-A-43.wav
2-43802-A-42.wav,2,42,siren,False,43802,A,dataset\ESC-50-master\audio\siren\2-43802-A-42.wav
2-43806-A-42.wav,2,42,siren,False,43806,A,dataset\ESC-50-master\audio\siren\2-43806-A-42.wav
2-50667-A-41.wav,2,41,chainsaw,True,50667,A,dataset\ESC-50-master\audio\chainsaw\2-50667-A-41.wav
2-50667-B-41.wav,2,41,chainsaw,True,50667,B,dataset\ESC-50-master\audio\chainsaw\2-50667-B-41.wav
2-50668-A-41.wav,2,41,chainsaw,True,50668,A,dataset\ESC-50-master\audio\chainsaw\2-50668-A-41.wav
2-50668-B-41.wav,2,41,chainsaw,True,50668,B,dataset\ESC-50-master\audio\chainsaw\2-50668-B-41.wav
2-51630-A-49.wav,2,49,hand_saw,False,51630,A,dataset\ESC-50-master\audio\hand_saw\2-51630-A-49.wav
2-51630-B-49.wav,2,49,hand_saw,False,51630,B,dataset\ESC-50-master\audio\hand_saw\2-51630-B-49.wav
2-54086-A-43.wav,2,43,car_horn,False,54086,A,dataset\ESC-50-master\audio\car_horn\2-54086-A-43.wav
2-56926-A-46.wav,2,46,church_bells,False,56926,A,dataset\ESC-50-master\audio\church_bells\2-56926-A-46.wav
2-57191-A-46.wav,2,46,church_bells,False,57191,A,dataset\ESC-50-master\audio\church_bells\2-57191-A-46.wav
2-59321-A-49.wav,2,49,hand_saw,False,59321,A,dataset\ESC-50-master\audio\hand_saw\2-59321-A-49.wav
2-59565-A-46.wav,2,46,church_bells,False,59565,A,dataset\ESC-50-master\audio\church_bells\2-59565-A-46.wav
2-59566-A-46.wav,2,46,church_bells,False,59566,A,dataset\ESC-50-master\audio\church_bells\2-59566-A-46.wav
2-60180-A-49.wav,2,49,hand_saw,False,60180,A,dataset\ESC-50-master\audio\hand_saw\2-60180-A-49.wav
2-60180-B-49.wav,2,49,hand_saw,False,60180,B,dataset\ESC-50-master\audio\hand_saw\2-60180-B-49.wav
2-61618-A-46.wav,2,46,church_bells,False,61618,A,dataset\ESC-50-master\audio\church_bells\2-61618-A-46.wav
2-68391-A-41.wav,2,41,chainsaw,True,68391,A,dataset\ESC-50-master\audio\chainsaw\2-68391-A-41.wav
2-68391-B-41.wav,2,41,chainsaw,True,68391,B,dataset\ESC-50-master\audio\chainsaw\2-68391-B-41.wav
2-70052-A-42.wav,2,42,siren,False,70052,A,dataset\ESC-50-master\audio\siren\2-70052-A-42.wav
2-70052-B-42.wav,2,42,siren,False,70052,B,dataset\ESC-50-master\audio\siren\2-70052-B-42.wav
2-70936-A-42.wav,2,42,siren,False,70936,A,dataset\ESC-50-master\audio\siren\2-70936-A-42.wav
2-70938-A-42.wav,2,42,siren,False,70938,A,dataset\ESC-50-master\audio\siren\2-70938-A-42.wav
2-70939-A-42.wav,2,42,siren,False,70939,A,dataset\ESC-50-master\audio\siren\2-70939-A-42.wav
2-72688-A-42.wav,2,42,siren,False,72688,A,dataset\ESC-50-master\audio\siren\2-72688-A-42.wav
2-74361-A-47.wav,2,47,airplane,False,74361,A,dataset\ESC-50-master\audio\airplane\2-74361-A-47.wav
2-77346-A-46.wav,2,46,church_bells,False,77346,A,dataset\ESC-50-master\audio\church_bells\2-77346-A-46.wav
2-77347-A-46.wav,2,46,church_bells,False,77347,A,dataset\ESC-50-master\audio\church_bells\2-77347-A-46.wav
2-77945-A-41.wav,2,41,chainsaw,True,77945,A,dataset\ESC-50-master\audio\chainsaw\2-77945-A-41.wav
2-77945-B-41.wav,2,41,chainsaw,True,77945,B,dataset\ESC-50-master\audio\chainsaw\2-77945-B-41.wav
2-78381-A-46.wav,2,46,church_bells,False,78381,A,dataset\ESC-50-master\audio\church_bells\2-78381-A-46.wav
2-78651-A-44.wav,2,44,engine,False,78651,A,dataset\ESC-50-master\audio\engine\2-78651-A-44.wav
2-78781-A-47.wav,2,47,airplane,False,78781,A,dataset\ESC-50-master\audio\airplane\2-78781-A-47.wav
2-78799-A-47.wav,2,47,airplane,False,78799,A,dataset\ESC-50-master\audio\airplane\2-78799-A-47.wav
2-84693-A-49.wav,2,49,hand_saw,False,84693,A,dataset\ESC-50-master\audio\hand_saw\2-84693-A-49.wav
2-96654-A-47.wav,2,47,airplane,False,96654,A,dataset\ESC-50-master\audio\airplane\2-96654-A-47.wav
2-98866-A-47.wav,2,47,airplane,False,98866,A,dataset\ESC-50-master\audio\airplane\2-98866-A-47.wav
3-102583-A-49.wav,3,49,hand_saw,False,102583,A,dataset\ESC-50-master\audio\hand_saw\3-102583-A-49.wav
3-102583-B-49.wav,3,49,hand_saw,False,102583,B,dataset\ESC-50-master\audio\hand_saw\3-102583-B-49.wav
3-102583-C-49.wav,3,49,hand_saw,False,102583,C,dataset\ESC-50-master\audio\hand_saw\3-102583-C-49.wav
3-111102-A-46.wav,3,46,church_bells,False,111102,A,dataset\ESC-50-master\audio\church_bells\3-111102-A-46.wav
3-111102-B-46.wav,3,46,church_bells,False,111102,B,dataset\ESC-50-master\audio\church_bells\3-111102-B-46.wav
3-115382-A-44.wav,3,44,engine,False,115382,A,dataset\ESC-50-master\audio\engine\3-115382-A-44.wav
3-115387-A-47.wav,3,47,airplane,False,115387,A,dataset\ESC-50-master\audio\airplane\3-115387-A-47.wav
3-115387-B-47.wav,3,47,airplane,False,115387,B,dataset\ESC-50-master\audio\airplane\3-115387-B-47.wav
3-115387-C-47.wav,3,47,airplane,False,115387,C,dataset\ESC-50-master\audio\airplane\3-115387-C-47.wav
3-118656-A-41.wav,3,41,chainsaw,True,118656,A,dataset\ESC-50-master\audio\chainsaw\3-118656-A-41.wav
3-118657-A-41.wav,3,41,chainsaw,True,118657,A,dataset\ESC-50-master\audio\chainsaw\3-118657-A-41.wav
3-118657-B-41.wav,3,41,chainsaw,True,118657,B,dataset\ESC-50-master\audio\chainsaw\3-118657-B-41.wav
3-118658-A-41.wav,3,41,chainsaw,True,118658,A,dataset\ESC-50-master\audio\chainsaw\3-118658-A-41.wav
3-118658-B-41.wav,3,41,chainsaw,True,118658,B,dataset\ESC-50-master\audio\chainsaw\3-118658-B-41.wav
3-118972-A-41.wav,3,41,chainsaw,True,118972,A,dataset\ESC-50-master\audio\chainsaw\3-118972-A-41.wav
3-118972-B-41.wav,3,41,chainsaw,True,118972,B,dataset\ESC-50-master\audio\chainsaw\3-118972-B-41.wav
3-119120-A-48.wav,3,48,fireworks,False,119120,A,dataset\ESC-50-master\audio\fireworks\3-119120-A-48.wav
3-119120-B-48.wav,3,48,fireworks,False,119120,B,dataset\ESC-50-master\audio\fireworks\3-119120-B-48.wav
3-119120-C-48.wav,3,48,fireworks,False,119120,C,dataset\ESC-50-master\audio\fireworks\3-119120-C-48.wav
3-119120-D-48.wav,3,48,fireworks,False,119120,D,dataset\ESC-50-master\audio\fireworks\3-119120-D-48.wav
3-119120-E-48.wav,3,48,fireworks,False,119120,E,dataset\ESC-50-master\audio\fireworks\3-119120-E-48.wav
3-119455-A-44.wav,3,44,engine,False,119455,A,dataset\ESC-50-master\audio\engine\3-119455-A-44.wav
3-122110-A-46.wav,3,46,church_bells,False,122110,A,dataset\ESC-50-master\audio\church_bells\3-122110-A-46.wav
3-128160-A-44.wav,3,44,engine,False,128160,A,dataset\ESC-50-master\audio\engine\3-128160-A-44.wav
3-128512-A-47.wav,3,47,airplane,False,128512,A,dataset\ESC-50-master\audio\airplane\3-128512-A-47.wav
3-128512-B-47.wav,3,47,airplane,False,128512,B,dataset\ESC-50-master\audio\airplane\3-128512-B-47.wav
3-135650-A-45.wav,3,45,train,False,135650,A,dataset\ESC-50-master\audio\train\3-135650-A-45.wav
3-135650-B-45.wav,3,45,train,False,135650,B,dataset\ESC-50-master\audio\train\3-135650-B-45.wav
3-136451-A-45.wav,3,45,train,False,136451,A,dataset\ESC-50-master\audio\train\3-136451-A-45.wav
3-138212-A-45.wav,3,45,train,False,138212,A,dataset\ESC-50-master\audio\train\3-138212-A-45.wav
3-139109-A-46.wav,3,46,church_bells,False,139109,A,dataset\ESC-50-master\audio\church_bells\3-139109-A-46.wav
3-141240-A-44.wav,3,44,engine,False,141240,A,dataset\ESC-50-master\audio\engine\3-141240-A-44.wav
3-141240-B-44.wav,3,44,engine,False,141240,B,dataset\ESC-50-master\audio\engine\3-141240-B-44.wav
3-141559-A-45.wav,3,45,train,False,141559,A,dataset\ESC-50-master\audio\train\3-141559-A-45.wav
3-143560-A-47.wav,3,47,airplane,False,143560,A,dataset\ESC-50-master\audio\airplane\3-143560-A-47.wav
3-143562-A-47.wav,3,47,airplane,False,143562,A,dataset\ESC-50-master\audio\airplane\3-143562-A-47.wav
3-145577-A-43.wav,3,43,car_horn,False,145577,A,dataset\ESC-50-master\audio\car_horn\3-145577-A-43.wav
3-146186-A-44.wav,3,44,engine,False,146186,A,dataset\ESC-50-master\audio\engine\3-146186-A-44.wav
3-146697-A-43.wav,3,43,car_horn,False,146697,A,dataset\ESC-50-master\audio\car_horn\3-146697-A-43.wav
3-150979-A-40.wav,3,40,helicopter,True,150979,A,dataset\ESC-50-master\audio\helicopter\3-150979-A-40.wav
3-150979-B-40.wav,3,40,helicopter,True,150979,B,dataset\ESC-50-master\audio\helicopter\3-150979-B-40.wav
3-150979-C-40.wav,3,40,helicopter,True,150979,C,dataset\ESC-50-master\audio\helicopter\3-150979-C-40.wav
3-153057-A-43.wav,3,43,car_horn,False,153057,A,dataset\ESC-50-master\audio\car_horn\3-153057-A-43.wav
3-154758-A-44.wav,3,44,engine,False,154758,A,dataset\ESC-50-master\audio\engine\3-154758-A-44.wav
3-154926-A-40.wav,3,40,helicopter,True,154926,A,dataset\ESC-50-master\audio\helicopter\3-154926-A-40.wav
3-154926-B-40.wav,3,40,helicopter,True,154926,B,dataset\ESC-50-master\audio\helicopter\3-154926-B-40.wav
3-155130-A-43.wav,3,43,car_horn,False,155130,A,dataset\ESC-50-master\audio\car_horn\3-155130-A-43.wav
3-155234-A-43.wav,3,43,car_horn,False,155234,A,dataset\ESC-50-master\audio\car_horn\3-155234-A-43.wav
3-157492-A-45.wav,3,45,train,False,157492,A,dataset\ESC-50-master\audio\train\3-157492-A-45.wav
3-159445-A-45.wav,3,45,train,False,159445,A,dataset\ESC-50-master\audio\train\3-159445-A-45.wav
3-159445-B-45.wav,3,45,train,False,159445,B,dataset\ESC-50-master\audio\train\3-159445-B-45.wav
3-161010-A-43.wav,3,43,car_horn,False,161010,A,dataset\ESC-50-master\audio\car_horn\3-161010-A-43.wav
3-165856-A-41.wav,3,41,chainsaw,True,165856,A,dataset\ESC-50-master\audio\chainsaw\3-165856-A-41.wav
3-172881-A-48.wav,3,48,fireworks,False,172881,A,dataset\ESC-50-master\audio\fireworks\3-172881-A-48.wav
3-172922-A-48.wav,3,48,fireworks,False,172922,A,dataset\ESC-50-master\audio\fireworks\3-172922-A-48.wav
3-174840-A-43.wav,3,43,car_horn,False,174840,A,dataset\ESC-50-master\audio\car_horn\3-174840-A-43.wav
3-193767-A-47.wav,3,47,airplane,False,193767,A,dataset\ESC-50-master\audio\airplane\3-193767-A-47.wav
3-208820-A-49.wav,3,49,hand_saw,False,208820,A,dataset\ESC-50-master\audio\hand_saw\3-208820-A-49.wav
3-243726-A-43.wav,3,43,car_horn,False,243726,A,dataset\ESC-50-master\audio\car_horn\3-243726-A-43.wav
3-251617-A-48.wav,3,48,fireworks,False,251617,A,dataset\ESC-50-master\audio\fireworks\3-251617-A-48.wav
3-259622-A-44.wav,3,44,engine,False,259622,A,dataset\ESC-50-master\audio\engine\3-259622-A-44.wav
3-51376-A-42.wav,3,42,siren,False,51376,A,dataset\ESC-50-master\audio\siren\3-51376-A-42.wav
3-51731-A-42.wav,3,42,siren,False,51731,A,dataset\ESC-50-master\audio\siren\3-51731-A-42.wav
3-51731-B-42.wav,3,42,siren,False,51731,B,dataset\ESC-50-master\audio\siren\3-51731-B-42.wav
3-51909-A-42.wav,3,42,siren,False,51909,A,dataset\ESC-50-master\audio\siren\3-51909-A-42.wav
3-51909-B-42.wav,3,42,siren,False,51909,B,dataset\ESC-50-master\audio\siren\3-51909-B-42.wav
3-58772-A-42.wav,3,42,siren,False,58772,A,dataset\ESC-50-master\audio\siren\3-58772-A-42.wav
3-62878-A-42.wav,3,42,siren,False,62878,A,dataset\ESC-50-master\audio\siren\3-62878-A-42.wav
3-62878-B-42.wav,3,42,siren,False,62878,B,dataset\ESC-50-master\audio\siren\3-62878-B-42.wav
3-68630-A-40.wav,3,40,helicopter,True,68630,A,dataset\ESC-50-master\audio\helicopter\3-68630-A-40.wav
3-68630-B-40.wav,3,40,helicopter,True,68630,B,dataset\ESC-50-master\audio\helicopter\3-68630-B-40.wav
3-68630-C-40.wav,3,40,helicopter,True,68630,C,dataset\ESC-50-master\audio\helicopter\3-68630-C-40.wav
3-87936-A-46.wav,3,46,church_bells,False,87936,A,dataset\ESC-50-master\audio\church_bells\3-87936-A-46.wav
3-87936-B-46.wav,3,46,church_bells,False,87936,B,dataset\ESC-50-master\audio\church_bells\3-87936-B-46.wav
3-96606-A-49.wav,3,49,hand_saw,False,96606,A,dataset\ESC-50-master\audio\hand_saw\3-96606-A-49.wav
3-96606-B-49.wav,3,49,hand_saw,False,96606,B,dataset\ESC-50-master\audio\hand_saw\3-96606-B-49.wav
3-97909-A-49.wav,3,49,hand_saw,False,97909,A,dataset\ESC-50-master\audio\hand_saw\3-97909-A-49.wav
3-97909-B-49.wav,3,49,hand_saw,False,97909,B,dataset\ESC-50-master\audio\hand_saw\3-97909-B-49.wav
3-98193-A-46.wav,3,46,church_bells,False,98193,A,dataset\ESC-50-master\audio\church_bells\3-98193-A-46.wav
3-98869-A-46.wav,3,46,church_bells,False,98869,A,dataset\ESC-50-master\audio\church_bells\3-98869-A-46.wav
4-102844-A-49.wav,4,49,hand_saw,False,102844,A,dataset\ESC-50-master\audio\hand_saw\4-102844-A-49.wav
4-102844-B-49.wav,4,49,hand_saw,False,102844,B,dataset\ESC-50-master\audio\hand_saw\4-102844-B-49.wav
4-102844-C-49.wav,4,49,hand_saw,False,102844,C,dataset\ESC-50-master\audio\hand_saw\4-102844-C-49.wav
4-102871-A-42.wav,4,42,siren,False,102871,A,dataset\ESC-50-master\audio\siren\4-102871-A-42.wav
4-111671-A-42.wav,4,42,siren,False,111671,A,dataset\ESC-50-master\audio\siren\4-111671-A-42.wav
4-111671-B-42.wav,4,42,siren,False,111671,B,dataset\ESC-50-master\audio\siren\4-111671-B-42.wav
4-119647-A-48.wav,4,48,fireworks,False,119647,A,dataset\ESC-50-master\audio\fireworks\4-119647-A-48.wav
4-119647-B-48.wav,4,48,fireworks,False,119647,B,dataset\ESC-50-master\audio\fireworks\4-119647-B-48.wav
4-119647-C-48.wav,4,48,fireworks,False,119647,C,dataset\ESC-50-master\audio\fireworks\4-119647-C-48.wav
4-119647-D-48.wav,4,48,fireworks,False,119647,D,dataset\ESC-50-master\audio\fireworks\4-119647-D-48.wav
4-119648-A-48.wav,4,48,fireworks,False,119648,A,dataset\ESC-50-master\audio\fireworks\4-119648-A-48.wav
4-119648-B-48.wav,4,48,fireworks,False,119648,B,dataset\ESC-50-master\audio\fireworks\4-119648-B-48.wav
4-119648-C-48.wav,4,48,fireworks,False,119648,C,dataset\ESC-50-master\audio\fireworks\4-119648-C-48.wav
4-119648-D-48.wav,4,48,fireworks,False,119648,D,dataset\ESC-50-master\audio\fireworks\4-119648-D-48.wav
4-121532-A-42.wav,4,42,siren,False,121532,A,dataset\ESC-50-master\audio\siren\4-121532-A-42.wav
4-125825-A-46.wav,4,46,church_bells,False,125825,A,dataset\ESC-50-master\audio\church_bells\4-125825-A-46.wav
4-125825-B-46.wav,4,46,church_bells,False,125825,B,dataset\ESC-50-master\audio\church_bells\4-125825-B-46.wav
4-125929-A-40.wav,4,40,helicopter,True,125929,A,dataset\ESC-50-master\audio\helicopter\4-125929-A-40.wav
4-140034-A-46.wav,4,46,church_bells,False,140034,A,dataset\ESC-50-master\audio\church_bells\4-140034-A-46.wav
4-147657-A-46.wav,4,46,church_bells,False,147657,A,dataset\ESC-50-master\audio\church_bells\4-147657-A-46.wav
4-147658-A-46.wav,4,46,church_bells,False,147658,A,dataset\ESC-50-master\audio\church_bells\4-147658-A-46.wav
4-149294-A-41.wav,4,41,chainsaw,True,149294,A,dataset\ESC-50-master\audio\chainsaw\4-149294-A-41.wav
4-149294-B-41.wav,4,41,chainsaw,True,149294,B,dataset\ESC-50-master\audio\chainsaw\4-149294-B-41.wav
4-150364-A-46.wav,4,46,church_bells,False,150364,A,dataset\ESC-50-master\audio\church_bells\4-150364-A-46.wav
4-150364-B-46.wav,4,46,church_bells,False,150364,B,dataset\ESC-50-master\audio\church_bells\4-150364-B-46.wav
4-156827-A-46.wav,4,46,church_bells,False,156827,A,dataset\ESC-50-master\audio\church_bells\4-156827-A-46.wav
4-157611-A-41.wav,4,41,chainsaw,True,157611,A,dataset\ESC-50-master\audio\chainsaw\4-157611-A-41.wav
4-157611-B-41.wav,4,41,chainsaw,True,157611,B,dataset\ESC-50-master\audio\chainsaw\4-157611-B-41.wav
4-161099-A-47.wav,4,47,airplane,False,161099,A,dataset\ESC-50-master\audio\airplane\4-161099-A-47.wav
4-161099-B-47.wav,4,47,airplane,False,161099,B,dataset\ESC-50-master\audio\airplane\4-161099-B-47.wav
4-161100-A-47.wav,4,47,airplane,False,161100,A,dataset\ESC-50-master\audio\airplane\4-161100-A-47.wav
4-161103-A-47.wav,4,47,airplane,False,161103,A,dataset\ESC-50-master\audio\airplane\4-161103-A-47.wav
4-161105-A-47.wav,4,47,airplane,False,161105,A,dataset\ESC-50-master\audio\airplane\4-161105-A-47.wav
4-161105-B-47.wav,4,47,airplane,False,161105,B,dataset\ESC-50-master\audio\airplane\4-161105-B-47.wav
4-161579-A-40.wav,4,40,helicopter,True,161579,A,dataset\ESC-50-master\audio\helicopter\4-161579-A-40.wav
4-161579-B-40.wav,4,40,helicopter,True,161579,B,dataset\ESC-50-master\audio\helicopter\4-161579-B-40.wav
4-165606-A-45.wav,4,45,train,False,165606,A,dataset\ESC-50-master\audio\train\4-165606-A-45.wav
4-165791-A-45.wav,4,45,train,False,165791,A,dataset\ESC-50-master\audio\train\4-165791-A-45.wav
4-165791-B-45.wav,4,45,train,False,165791,B,dataset\ESC-50-master\audio\train\4-165791-B-45.wav
4-165823-A-41.wav,4,41,chainsaw,True,165823,A,dataset\ESC-50-master\audio\chainsaw\4-165823-A-41.wav
4-165823-B-41.wav,4,41,chainsaw,True,165823,B,dataset\ESC-50-master\audio\chainsaw\4-165823-B-41.wav
4-165845-A-45.wav,4,45,train,False,165845,A,dataset\ESC-50-master\audio\train\4-165845-A-45.wav
4-165845-B-45.wav,4,45,train,False,165845,B,dataset\ESC-50-master\audio\train\4-165845-B-45.wav
4-165933-A-45.wav,4,45,train,False,165933,A,dataset\ESC-50-master\audio\train\4-165933-A-45.wav
4-168446-A-45.wav,4,45,train,False,168446,A,dataset\ESC-50-master\audio\train\4-168446-A-45.wav
4-169127-A-41.wav,4,41,chainsaw,True,169127,A,dataset\ESC-50-master\audio\chainsaw\4-169127-A-41.wav
4-169127-B-41.wav,4,41,chainsaw,True,169127,B,dataset\ESC-50-master\audio\chainsaw\4-169127-B-41.wav
4-171652-A-44.wav,4,44,engine,False,171652,A,dataset\ESC-50-master\audio\engine\4-171652-A-44.wav
4-175000-A-40.wav,4,40,helicopter,True,175000,A,dataset\ESC-50-master\audio\helicopter\4-175000-A-40.wav
4-175000-B-40.wav,4,40,helicopter,True,175000,B,dataset\ESC-50-master\audio\helicopter\4-175000-B-40.wav
4-175000-C-40.wav,4,40,helicopter,True,175000,C,dataset\ESC-50-master\audio\helicopter\4-175000-C-40.wav
4-175845-A-43.wav,4,43,car_horn,False,175845,A,dataset\ESC-50-master\audio\car_horn\4-175845-A-43.wav
4-175846-A-43.wav,4,43,car_horn,False,175846,A,dataset\ESC-50-master\audio\car_horn\4-175846-A-43.wav
4-175855-A-43.wav,4,43,car_horn,False,175855,A,dataset\ESC-50-master\audio\car_horn\4-175855-A-43.wav
4-175856-A-43.wav,4,43,car_horn,False,175856,A,dataset\ESC-50-master\audio\car_horn\4-175856-A-43.wav
4-176631-A-43.wav,4,43,car_horn,False,176631,A,dataset\ESC-50-master\audio\car_horn\4-176631-A-43.wav
4-176638-A-43.wav,4,43,car_horn,False,176638,A,dataset\ESC-50-master\audio\car_horn\4-176638-A-43.wav
4-178402-A-43.wav,4,43,car_horn,False,178402,A,dataset\ESC-50-master\audio\car_horn\4-178402-A-43.wav
4-178881-A-45.wav,4,45,train,False,178881,A,dataset\ESC-50-master\audio\train\4-178881-A-45.wav
4-186935-A-44.wav,4,44,engine,False,186935,A,dataset\ESC-50-master\audio\engine\4-186935-A-44.wav
4-186936-A-44.wav,4,44,engine,False,186936,A,dataset\ESC-50-master\audio\engine\4-186936-A-44.wav
4-186938-A-44.wav,4,44,engine,False,186938,A,dataset\ESC-50-master\audio\engine\4-186938-A-44.wav
4-186940-A-44.wav,4,44,engine,False,186940,A,dataset\ESC-50-master\audio\engine\4-186940-A-44.wav
4-186962-A-44.wav,4,44,engine,False,186962,A,dataset\ESC-50-master\audio\engine\4-186962-A-44.wav
4-191015-A-43.wav,4,43,car_horn,False,191015,A,dataset\ESC-50-master\audio\car_horn\4-191015-A-43.wav
4-193480-A-40.wav,4,40,helicopter,True,193480,A,dataset\ESC-50-master\audio\helicopter\4-193480-A-40.wav
4-193480-B-40.wav,4,40,helicopter,True,193480,B,dataset\ESC-50-master\audio\helicopter\4-193480-B-40.wav
4-195451-A-44.wav,4,44,engine,False,195451,A,dataset\ESC-50-master\audio\engine\4-195451-A-44.wav
4-198360-A-49.wav,4,49,hand_saw,False,198360,A,dataset\ESC-50-master\audio\hand_saw\4-198360-A-49.wav
4-198360-B-49.wav,4,49,hand_saw,False,198360,B,dataset\ESC-50-master\audio\hand_saw\4-198360-B-49.wav
4-198360-C-49.wav,4,49,hand_saw,False,198360,C,dataset\ESC-50-master\audio\hand_saw\4-198360-C-49.wav
4-201988-A-44.wav,4,44,engine,False,201988,A,dataset\ESC-50-master\audio\engine\4-201988-A-44.wav
4-251645-A-49.wav,4,49,hand_saw,False,251645,A,dataset\ESC-50-master\audio\hand_saw\4-251645-A-49.wav
4-251645-B-49.wav,4,49,hand_saw,False,251645,B,dataset\ESC-50-master\audio\hand_saw\4-251645-B-49.wav
4-251959-A-47.wav,4,47,airplane,False,251959,A,dataset\ESC-50-master\audio\airplane\4-251959-A-47.wav
4-255371-A-47.wav,4,47,airplane,False,255371,A,dataset\ESC-50-master\audio\airplane\4-255371-A-47.wav
4-67358-A-42.wav,4,42,siren,False,67358,A,dataset\ESC-50-master\audio\siren\4-67358-A-42.wav
4-80761-A-42.wav,4,42,siren,False,80761,A,dataset\ESC-50-master\audio\siren\4-80761-A-42.wav
4-90014-A-42.wav,4,42,siren,False,90014,A,dataset\ESC-50-master\audio\siren\4-90014-A-42.wav
4-90014-B-42.wav,4,42,siren,False,90014,B,dataset\ESC-50-master\audio\siren\4-90014-B-42.wav
5-117118-A-42.wav,5,42,siren,False,117118,A,dataset\ESC-50-master\audio\siren\5-117118-A-42.wav
5-117120-A-42.wav,5,42,siren,False,117120,A,dataset\ESC-50-master\audio\siren\5-117120-A-42.wav
5-117122-A-42.wav,5,42,siren,False,117122,A,dataset\ESC-50-master\audio\siren\5-117122-A-42.wav
5-133989-A-42.wav,5,42,siren,False,133989,A,dataset\ESC-50-master\audio\siren\5-133989-A-42.wav
5-133989-B-42.wav,5,42,siren,False,133989,B,dataset\ESC-50-master\audio\siren\5-133989-B-42.wav
5-150409-A-42.wav,5,42,siren,False,150409,A,dataset\ESC-50-master\audio\siren\5-150409-A-42.wav
5-160551-A-42.wav,5,42,siren,False,160551,A,dataset\ESC-50-master\audio\siren\5-160551-A-42.wav
5-160614-A-48.wav,5,48,fireworks,False,160614,A,dataset\ESC-50-master\audio\fireworks\5-160614-A-48.wav
5-160614-B-48.wav,5,48,fireworks,False,160614,B,dataset\ESC-50-master\audio\fireworks\5-160614-B-48.wav
5-160614-C-48.wav,5,48,fireworks,False,160614,C,dataset\ESC-50-master\audio\fireworks\5-160614-C-48.wav
5-160614-D-48.wav,5,48,fireworks,False,160614,D,dataset\ESC-50-master\audio\fireworks\5-160614-D-48.wav
5-160614-E-48.wav,5,48,fireworks,False,160614,E,dataset\ESC-50-master\audio\fireworks\5-160614-E-48.wav
5-160614-F-48.wav,5,48,fireworks,False,160614,F,dataset\ESC-50-master\audio\fireworks\5-160614-F-48.wav
5-160614-G-48.wav,5,48,fireworks,False,160614,G,dataset\ESC-50-master\audio\fireworks\5-160614-G-48.wav
5-160614-H-48.wav,5,48,fireworks,False,160614,H,dataset\ESC-50-master\audio\fireworks\5-160614-H-48.wav
5-170338-A-41.wav,5,41,chainsaw,True,170338,A,dataset\ESC-50-master\audio\chainsaw\5-170338-A-41.wav
5-170338-B-41.wav,5,41,chainsaw,True,170338,B,dataset\ESC-50-master\audio\chainsaw\5-170338-B-41.wav
5-171653-A-41.wav,5,41,chainsaw,True,171653,A,dataset\ESC-50-master\audio\chainsaw\5-171653-A-41.wav
5-177957-A-40.wav,5,40,helicopter,True,177957,A,dataset\ESC-50-master\audio\helicopter\5-177957-A-40.wav
5-177957-B-40.wav,5,40,helicopter,True,177957,B,dataset\ESC-50-master\audio\helicopter\5-177957-B-40.wav
5-177957-C-40.wav,5,40,helicopter,True,177957,C,dataset\ESC-50-master\audio\helicopter\5-177957-C-40.wav
5-177957-D-40.wav,5,40,helicopter,True,177957,D,dataset\ESC-50-master\audio\helicopter\5-177957-D-40.wav
5-177957-E-40.wav,5,40,helicopter,True,177957,E,dataset\ESC-50-master\audio\helicopter\5-177957-E-40.wav
5-179294-A-46.wav,5,46,church_bells,False,179294,A,dataset\ESC-50-master\audio\church_bells\5-179294-A-46.wav
5-179860-A-43.wav,5,43,car_horn,False,179860,A,dataset\ESC-50-master\audio\car_horn\5-179860-A-43.wav
5-179863-A-43.wav,5,43,car_horn,False,179863,A,dataset\ESC-50-master\audio\car_horn\5-179863-A-43.wav
5-179865-A-43.wav,5,43,car_horn,False,179865,A,dataset\ESC-50-master\audio\car_horn\5-179865-A-43.wav
5-179866-A-43.wav,5,43,car_horn,False,179866,A,dataset\ESC-50-master\audio\car_horn\5-179866-A-43.wav
5-179868-A-43.wav,5,43,car_horn,False,179868,A,dataset\ESC-50-master\audio\car_horn\5-179868-A-43.wav
5-180156-A-43.wav,5,43,car_horn,False,180156,A,dataset\ESC-50-master\audio\car_horn\5-180156-A-43.wav
5-180156-B-43.wav,5,43,car_horn,False,180156,B,dataset\ESC-50-master\audio\car_horn\5-180156-B-43.wav
5-180156-C-43.wav,5,43,car_horn,False,180156,C,dataset\ESC-50-master\audio\car_horn\5-180156-C-43.wav
5-184323-A-42.wav,5,42,siren,False,184323,A,dataset\ESC-50-master\audio\siren\5-184323-A-42.wav
5-185579-A-41.wav,5,41,chainsaw,True,185579,A,dataset\ESC-50-master\audio\chainsaw\5-185579-A-41.wav
5-185579-B-41.wav,5,41,chainsaw,True,185579,B,dataset\ESC-50-master\audio\chainsaw\5-185579-B-41.wav
5-188716-A-46.wav,5,46,church_bells,False,188716,A,dataset\ESC-50-master\audio\church_bells\5-188716-A-46.wav
5-188796-A-45.wav,5,45,train,False,188796,A,dataset\ESC-50-master\audio\train\5-188796-A-45.wav
5-188945-A-45.wav,5,45,train,False,188945,A,dataset\ESC-50-master\audio\train\5-188945-A-45.wav
5-191131-A-40.wav,5,40,helicopter,True,191131,A,dataset\ESC-50-master\audio\helicopter\5-191131-A-40.wav
5-197118-A-45.wav,5,45,train,False,197118,A,dataset\ESC-50-master\audio\train\5-197118-A-45.wav
5-197121-A-45.wav,5,45,train,False,197121,A,dataset\ESC-50-master\audio\train\5-197121-A-45.wav
5-197121-B-45.wav,5,45,train,False,197121,B,dataset\ESC-50-master\audio\train\5-197121-B-45.wav
5-197988-A-46.wav,5,46,church_bells,False,197988,A,dataset\ESC-50-master\audio\church_bells\5-197988-A-46.wav
5-198373-A-46.wav,5,46,church_bells,False,198373,A,dataset\ESC-50-master\audio\church_bells\5-198373-A-46.wav
5-198600-A-45.wav,5,45,train,False,198600,A,dataset\ESC-50-master\audio\train\5-198600-A-45.wav
5-199284-A-45.wav,5,45,train,False,199284,A,dataset\ESC-50-master\audio\train\5-199284-A-45.wav
5-199284-B-45.wav,5,45,train,False,199284,B,dataset\ESC-50-master\audio\train\5-199284-B-45.wav
5-201170-A-46.wav,5,46,church_bells,False,201170,A,dataset\ESC-50-master\audio\church_bells\5-201170-A-46.wav
5-201172-A-46.wav,5,46,church_bells,False,201172,A,dataset\ESC-50-master\audio\church_bells\5-201172-A-46.wav
5-204741-A-46.wav,5,46,church_bells,False,204741,A,dataset\ESC-50-master\audio\church_bells\5-204741-A-46.wav
5-205898-A-40.wav,5,40,helicopter,True,205898,A,dataset\ESC-50-master\audio\helicopter\5-205898-A-40.wav
5-209992-A-44.wav,5,44,engine,False,209992,A,dataset\ESC-50-master\audio\engine\5-209992-A-44.wav
5-209992-B-44.wav,5,44,engine,False,209992,B,dataset\ESC-50-master\audio\engine\5-209992-B-44.wav
5-215445-A-47.wav,5,47,airplane,False,215445,A,dataset\ESC-50-master\audio\airplane\5-215445-A-47.wav
5-215447-A-47.wav,5,47,airplane,False,215447,A,dataset\ESC-50-master\audio\airplane\5-215447-A-47.wav
5-215449-A-47.wav,5,47,airplane,False,215449,A,dataset\ESC-50-master\audio\airplane\5-215449-A-47.wav
5-216370-A-41.wav,5,41,chainsaw,True,216370,A,dataset\ESC-50-master\audio\chainsaw\5-216370-A-41.wav
5-216370-B-41.wav,5,41,chainsaw,True,216370,B,dataset\ESC-50-master\audio\chainsaw\5-216370-B-41.wav
5-219044-A-46.wav,5,46,church_bells,False,219044,A,dataset\ESC-50-master\audio\church_bells\5-219044-A-46.wav
5-220955-A-40.wav,5,40,helicopter,True,220955,A,dataset\ESC-50-master\audio\helicopter\5-220955-A-40.wav
5-222524-A-41.wav,5,41,chainsaw,True,222524,A,dataset\ESC-50-master\audio\chainsaw\5-222524-A-41.wav
5-232272-A-44.wav,5,44,engine,False,232272,A,dataset\ESC-50-master\audio\engine\5-232272-A-44.wav
5-235507-A-44.wav,5,44,engine,False,235507,A,dataset\ESC-50-master\audio\engine\5-235507-A-44.wav
5-235956-A-47.wav,5,47,airplane,False,235956,A,dataset\ESC-50-master\audio\airplane\5-235956-A-47.wav
5-240671-A-44.wav,5,44,engine,False,240671,A,dataset\ESC-50-master\audio\engine\5-240671-A-44.wav
5-243773-A-44.wav,5,44,engine,False,243773,A,dataset\ESC-50-master\audio\engine\5-243773-A-44.wav
5-243773-B-44.wav,5,44,engine,False,243773,B,dataset\ESC-50-master\audio\engine\5-243773-B-44.wav
5-243783-A-44.wav,5,44,engine,False,243783,A,dataset\ESC-50-master\audio\engine\5-243783-A-44.wav
5-250258-A-49.wav,5,49,hand_saw,False,250258,A,dataset\ESC-50-master\audio\hand_saw\5-250258-A-49.wav
5-251957-A-47.wav,5,47,airplane,False,251957,A,dataset\ESC-50-master\audio\airplane\5-251957-A-47.wav
5-251962-A-47.wav,5,47,airplane,False,251962,A,dataset\ESC-50-master\audio\airplane\5-251962-A-47.wav
5-251963-A-47.wav,5,47,airplane,False,251963,A,dataset\ESC-50-master\audio\airplane\5-251963-A-47.wav
5-251971-A-47.wav,5,47,airplane,False,251971,A,dataset\ESC-50-master\audio\airplane\5-251971-A-47.wav
5-253094-A-49.wav,5,49,hand_saw,False,253094,A,dataset\ESC-50-master\audio\hand_saw\5-253094-A-49.wav
5-253094-B-49.wav,5,49,hand_saw,False,253094,B,dataset\ESC-50-master\audio\hand_saw\5-253094-B-49.wav
5-253094-C-49.wav,5,49,hand_saw,False,253094,C,dataset\ESC-50-master\audio\hand_saw\5-253094-C-49.wav
5-253094-D-49.wav,5,49,hand_saw,False,253094,D,dataset\ESC-50-master\audio\hand_saw\5-253094-D-49.wav
5-253101-A-49.wav,5,49,hand_saw,False,253101,A,dataset\ESC-50-master\audio\hand_saw\5-253101-A-49.wav
5-253101-B-49.wav,5,49,hand_saw,False,253101,B,dataset\ESC-50-master\audio\hand_saw\5-253101-B-49.wav
5-253101-C-49.wav,5,49,hand_saw,False,253101,C,dataset\ESC-50-master\audio\hand_saw\5-253101-C-49.wav
